epoch,train_loss,train_acc,val_loss,val_acc,lr
1,4.605440,1.064,4.601455,1.777,0.01
2,4.589348,1.719,4.549214,1.719,0.01
3,4.459744,2.588,4.357991,3.672,0.01
